SSC,Suburb,Population
10001,Abbotsbury,4199
10002,Abbotsford (NSW),5110
10003,Abercrombie,1005
10004,Aberdare,2415
10005,Aberdeen (NSW),2041
10006,Aberfoyle,232
10007,Aberglasslyn,2858
10008,Abermain,2322
10009,Abernethy,219
10010,Acacia Gardens,3682
10011,Adaminaby,228
10012,Adamstown,5646
10013,Adamstown Heights,5162
10014,Adelong,884
10015,Agnes Banks,831
10016,Airds,3500
10017,Akolele,131
10018,Albion Park,12862
10019,Albion Park Rail,6996
10020,Albury,4944
10021,Aldavilla,1154
10022,Alexandria,7050
10023,Alfords Point,3307
10024,Alison (Dungog - NSW),291
10025,Allambie Heights,6727
10026,Allandale (NSW),306
10027,Allawah,5362
10028,Allgomera,150
10029,Allworth,196
10030,Allynbrook,218
10031,Alstonvale,426
10032,Alstonville,5642
10033,Alumy Creek,154
10034,Ambarvale,7227
10035,Angledale,276
10036,Anglers Reach,357
10037,Angourie,184
10038,Anna Bay,3725
10039,Annandale (NSW),8665
10040,Annangrove,1364
10041,Appin (NSW),1801
10042,Apsley (NSW),56
10043,Arakoon,509
10044,Araluen (NSW),296
10045,Arcadia (NSW),1305
10046,Arcadia Vale,1382
10047,Arding,279
10048,Ardlethan,365
10049,Argenton,1370
10050,Argents Hill,388
10051,Ariah Park,689
10052,Armatree,281
10053,Armidale,22487
10054,Arncliffe,8419
10056,Arrawarra,518
10057,Arrawarra Headland,468
10058,Artarmon,8626
10059,Ashbury,3127
10060,Ashby (NSW),348
10061,Ashby Heights,289
10062,Ashcroft,3306
10063,Ashfield (NSW),22183
10064,Ashford (NSW),881
10065,Ashley,340
10066,Ashmont,4026
10067,Ashtonfield,4382
10068,Asquith,3483
10069,Attunga,766
10070,Auburn (NSW),33109
10071,Austinmer,2469
10072,Austral,3026
10073,Avalon (NSW),10614
10074,Avoca Beach,4317
10075,Awaba,359
10076,Aylmerton,248
10077,Baan Baa,523
10078,Backmede,274
10079,Badgerys Creek,454
10080,Balaclava (NSW),418
10081,Balala,319
10082,Balcolyn,826
10083,Bald Hills (NSW),291
10084,Balgowlah,7495
10085,Balgowlah Heights,3266
10086,Balgownie,5443
10087,Balladoran,223
10088,Ballimore,189
10089,Ballina,7871
10090,Balmain,9790
10091,Balmain East,1856
10092,Balmoral (Lake Macquarie - NSW),729
10093,Balmoral (Wingecarribee - NSW),362
10094,Balranald,1621
10095,Bandon Grove,279
10096,Bangalee (NSW),803
10097,Bangalow,1905
10098,Bangheet,324
10099,Bangor (NSW),5619
10100,Banksia,3230
10102,Bankstown,30546
10104,Bannaby,209
10105,Bannister (NSW),331
10106,Banora Point,15051
10107,Bar Beach,1126
10108,Bar Point,360
10109,Baradine,760
10110,Barangaroo,109
10112,Barden Ridge,4041
10113,Bardwell Park,2269
10114,Bardwell Valley,2210
10115,Barellan,639
10116,Bargo,4117
10117,Barham,1559
10118,Barkers Vale,358
10119,Barmedman,411
10120,Barnsley,1797
10121,Barooga,1498
10122,Barraba,1539
10123,Barrack Heights,6011
10124,Barrack Point,629
10125,Barrengarry,251
10126,Barrington (NSW),518
10127,Barry (Blayney - NSW),268
10128,Basin View,1404
10129,Bass Hill,8180
10130,Bateau Bay,11745
10131,Batehaven,1748
10132,Batemans Bay,1431
10133,Bathurst,6633
10134,Batlow,1416
10135,Baulkham Hills,33926
10136,Baw Baw (NSW),423
10137,Bawley Point,594
10138,Bayview (NSW),3089
10139,Beacon Hill,6909
10140,Beaconsfield (NSW),910
10141,Beaumont (NSW),197
10142,Beaumont Hills,7870
10143,Beckom,216
10144,Bedgerebong,221
10145,Beechwood,570
10146,Beecroft,8834
10148,Beelbangera,310
10149,Bega,4754
10150,Belbora,178
10151,Belfield,6035
10152,Belgravia,163
10153,Belimbla Park,546
10154,Bella Vista,7317
10155,Bellambi,4018
10156,Bellangry,209
10157,Bellata,408
10158,Bellawongarah,189
10159,Bellbird,2070
10160,Bellbird Heights,829
10161,Bellbrook,354
10162,Bellevue Hill,10768
10163,Bellingen,3673
10164,Belmont (NSW),6426
10165,Belmont North,6485
10166,Belmont South,1200
10167,Belmore,12567
10168,Belmore River,391
10169,Belrose,8292
10170,Bemboka,578
10171,Ben Lomond (NSW),436
10172,Bendalong,233
10173,Bendemeer,476
10174,Bendick Murrell,303
10175,Bendolba,229
10176,Benerembah,429
10177,Beni,439
10178,Bensville,2601
10179,Bentley (NSW),159
10180,Berala,8799
10181,Berambing,30
10182,Beresfield,3072
10183,Bergalia,188
10184,Berkeley,7424
10185,Berkeley Vale,8488
10186,Berkshire Park,1709
10187,Bermagui,1667
10188,Berowra,4619
10189,Berowra Creek,215
10190,Berowra Heights,5101
10191,Berrambool,681
10192,Berrara,297
10193,Berridale,1595
10194,Berrigan,1089
10195,Berrilee,333
10196,Berrima,601
10197,Berry,2418
10198,Bethungra,415
10199,Beverley Park,2103
10200,Beverly Hills,9638
10201,Bexhill,486
10202,Bexley,19058
10203,Bexley North,3992
10204,Bibbenluke,304
10205,Biddon,282
10206,Bidwill (NSW),4592
10207,Big Springs,570
10208,Bigga,297
10209,Bilambil,559
10210,Bilambil Heights,3275
10211,Bilbul,674
10212,Bilgola,3865
10213,Billinudgel,283
10214,Billywillinga,314
10215,Bilpin,934
10216,Binalong,462
10217,Binda,212
10218,Bingara,1336
10219,Bingie,279
10220,Biniguy,624
10221,Binjura,377
10222,Binna Burra (NSW),187
10223,Binnaway,779
10224,Binya,189
10225,Birchgrove,3101
10226,Birmingham Gardens,2126
10227,Birrong,2952
10228,Bishops Bridge,225
10229,Bithramere,175
10230,Black Head,754
10231,Black Hill (NSW),655
10232,Black Mountain (NSW),332
10233,Black Springs (NSW),356
10234,Blackalls Park,2762
10235,Blackbutt (NSW),3159
10236,Blackett,3415
10237,Blackheath (NSW),4570
10238,Blackmans Point,265
10239,Blacksmiths,1838
10240,Blacktown,43367
10241,Blackwall (NSW),1732
10242,Blair Athol (NSW),2704
10243,Blairmount,483
10244,Blakehurst,6099
10245,Blandford,322
10246,Blaxland (NSW),7329
10247,Blaxlands Ridge,465
10248,Blayney,3352
10249,Bligh Park,6482
10250,Blighty,397
10251,Blue Bay,1021
10252,Blue Haven,6171
10253,Blue Knob,168
10255,Boambee,1549
10256,Boambee East,5452
10257,Boat Harbour (Port Stephens - NSW),922
10258,Bobs Farm,498
10259,Bodalla,532
10260,Bogan Gate,305
10261,Bogangar,3111
10262,Boggabilla,1140
10263,Boggabri,1191
10264,Bolton Point,2294
10265,Bolwarra (NSW),1173
10266,Bolwarra Heights,2508
10267,Bomaderry,6569
10268,Bombala,1206
10269,Bombira,199
10270,Bombo,30
10271,Bombowlee,268
10272,Bomen,32
10273,Bomera,268
10274,Bonalbo,547
10275,Bondi,9628
10276,Bondi Beach,10769
10277,Bondi Junction,8648
10278,Bonnells Bay,3124
10279,Bonnet Bay,2123
10280,Bonny Hills,2861
10281,Bonnyrigg,7991
10282,Bonnyrigg Heights,7212
10283,Bonville,2257
10284,Booerie Creek,334
10285,Booker Bay,1136
10286,Bookham,155
10287,Boolambayte,206
10288,Boolaroo,931
10289,Booligal,164
10290,Boomanoomana,317
10291,Boomerang Beach,436
10292,Booragul,1412
10293,Booral (NSW),397
10294,Boorolong,181
10295,Boorooma,110
10296,Boorowa,1616
10297,Bootawa,385
10298,Bora Ridge,212
10299,Borambola,354
10300,Boree Creek,210
10301,Borenore,434
10302,Bossley Park,14035
10303,Botany,8911
10306,Bourke,2462
10307,Bourkelands,2299
10308,Bournda,123
10309,Bow Bowing,1590
10310,Bowan Park,498
10311,Bowen Mountain,1457
10312,Bowenfels,1786
10313,Bowman,412
10314,Bowning,712
10315,Bowral,8032
10316,Bowraville,1209
10318,Box Hill (NSW),1178
10319,Boydtown,159
10320,Bradbury (NSW),8731
10321,Braemar,310
10322,Braidwood,1504
10323,Brandy Hill,671
10324,Branxton,1821
10325,Braunstone,293
10326,Bray Park (NSW),837
10327,Breadalbane (NSW),274
10328,Breakfast Creek,274
10329,Breakfast Point,2749
10330,Bream Beach,124
10331,Bredbo,501
10332,Brewarrina,1255
10333,Brewongle,189
10334,Bribbaree,268
10335,Bridgman,398
10336,Brierfield,339
10337,Brighton-le-Sands,8002
10338,Brightwaters,877
10339,Bringelly,2390
10340,Brisbane Grove,219
10341,Broadmeadow,1549
10342,Broadwater (Richmond Valley - NSW),434
10343,Broadway,226
10344,Brocklehurst,473
10345,Brocklesby,224
10346,Brogo,507
10347,Broke (NSW),639
10348,Broken Head,226
10349,Broken Hill,18783
10350,Bronte,6832
10351,Brookdale (NSW),272
10352,Brookfield (NSW),235
10353,Brooklet,261
10354,Brooklyn (NSW),745
10355,Brookvale,2587
10356,Brooms Head,193
10357,Broughton Vale,444
10358,Broulee,1432
10359,Brownlow Hill,363
10360,Brownsville,524
10361,Bruah,172
10362,Brungle,308
10363,Brunswick Heads,1644
10364,Brushgrove,336
10365,Bucca (NSW),520
10366,Buckajo,401
10367,Budgee Budgee (NSW),325
10368,Budgewoi,3255
10370,Buff Point,3287
10371,Bugaldie,238
10372,Bukkulla,397
10373,Bulahdelah,1520
10374,Bulga (NSW),359
10375,Bullaburra,1208
10376,Bulli,5678
10377,Bundabah,289
10378,Bundaburrah,291
10379,Bundagen,130
10380,Bundanoon (NSW),2423
10381,Bundarra,799
10382,Bundeena,1890
10383,Bundook,193
10384,Bungarby,213
10385,Bungendore,3558
10386,Bunglegumbie,165
10387,Bungonia,353
10388,Bungowannah,209
10389,Bungwahl,254
10390,Bunnan,211
10391,Bunyan,373
10392,Burnt Bridge,85
10393,Buronga,1136
10394,Burra (Palerang - NSW),716
10395,Burrabadine,397
10396,Burradoo,2556
10397,Burraga,250
10399,Burraneer,3303
10400,Burrangong,238
10401,Burrawang,239
10402,Burrell Creek,247
10403,Burren Junction,301
10404,Burrill Lake,1328
10405,Burringbar,858
10406,Burroway,363
10407,Burrumbuttock,337
10408,Burrundulla,160
10409,Burwood (NSW),12475
10410,Burwood Heights,810
10411,Busby,4207
10412,Buttaba,944
10413,Buxton (NSW),2055
10414,Byabarra,328
10415,Byangum,335
10416,Byron Bay,4967
10417,Byrrill Creek,220
10418,Bywong,1197
10419,Cabarita (NSW),1930
10420,Cabbage Tree Island (Ballina - NSW),99
10421,Cabramatta,20778
10422,Cabramatta West,6773
10423,Cabramurra,365
10424,Caffreys Flat,213
10425,Calala,3450
10426,Calarie,280
10427,Calderwood,175
10428,Calimo,229
10430,Callala Bay,2118
10431,Callala Beach,772
10432,Calliope (NSW),407
10433,Camberwell (NSW),181
10434,Cambewarra,210
10435,Cambewarra Village,1231
10436,Cambridge Gardens,2040
10437,Cambridge Park,6161
10438,Camden,3253
10439,Camden Head,164
10440,Camden Park (NSW),1825
10441,Camden South,4338
10442,Cameron Park,5172
10443,Cammeray,6778
10444,Campbelltown (NSW),10413
10445,Camperdown (NSW),7860
10446,Campsie,21239
10447,Canada Bay,1297
10448,Candelo,734
10449,Cangai,184
10450,Caniaba,582
10451,Canley Heights,10451
10452,Canley Vale,9292
10453,Canobolas,513
10454,Canoelands,301
10455,Canowindra,2392
10456,Canterbury (NSW),6160
10457,Canton Beach,1081
10458,Canyonleigh,193
10459,Capertee,370
10460,Captains Flat,747
10461,Caragabal,213
10462,Carcoar,690
10463,Cardiff (NSW),5780
10464,Cardiff Heights,1281
10465,Cardiff South,2964
10466,Carey Bay,930
10467,Cargo,541
10468,Carinda,183
10469,Caringbah,10941
10470,Caringbah South,11584
10471,Carlingford,21556
10472,Carlton (NSW),9804
10473,Carool,460
10474,Caroona,90
10475,Carramar (NSW),3434
10476,Carrathool,295
10477,Carrington (Newcastle - NSW),1879
10478,Carroll,178
10479,Carrs Creek,375
10480,Carss Park,1211
10481,Cartwright,2253
10482,Cartwrights Hill,177
10483,Carwoola,1419
10484,Casino,10571
10485,Cassilis (NSW),348
10486,Castle Cove,2525
10487,Castle Doyle,456
10488,Castle Hill (NSW),37906
10489,Castle Rock,326
10490,Castlecrag,2965
10491,Castlereagh,1056
10492,Casuarina (NSW),1660
10493,Casula,14705
10494,Catalina,2390
10495,Catherine Field,1585
10496,Catherine Hill Bay,434
10497,Cattai,683
10498,Caves Beach,3921
10499,Cawdor (NSW),459
10500,Cawongla,220
10501,Cecil Hills,6860
10502,Cecil Park,1478
10503,Cedar Party,329
10504,Centennial Park (NSW),2107
10505,Central Mangrove,287
10506,Central Tilba,391
10507,Cessnock,13654
10508,Chain Valley Bay,2444
10509,Charbon,232
10511,Charlestown (NSW),12414
10512,Charmhaven,2329
10513,Chatswood,21204
10514,Chatswood West,1429
10515,Chatsworth (NSW),216
10516,Cheltenham (NSW),2064
10517,Cherrybrook,18805
10518,Chester Hill,11769
10519,Chifley (NSW),3146
10520,Chilcotts Grass,181
10521,Chillingham,285
10522,Chinderah,1476
10523,Chippendale,4051
10524,Chipping Norton,8841
10525,Chisholm (NSW),183
10526,Chiswick,2470
10527,Chittaway Bay,1895
10528,Chittaway Point,895
10529,Church Point,1125
10530,Clandulla,208
10531,Claremont Meadows,4161
10532,Clarence,224
10533,Clarence Town,1662
10534,Clarendon (NSW),118
10535,Clarenza,559
10536,Claymore,3303
10537,Clemton Park,1573
10538,Cliftleigh,180
10539,Clifton Grove,816
10540,Clontarf (NSW),1693
10541,Clothiers Creek,360
10542,Clovelly,4587
10543,Clunes (NSW),949
10544,Clybucca,464
10546,Coal Point,1726
10547,Coalcliff,196
10548,Cobaki,227
10549,Cobar,3828
10550,Cobargo,639
10551,Cobbitty,1062
10552,Coffee Camp,234
10553,Coffs Harbour,24587
10554,Coleambally,1312
10556,Coledale,1165
10557,Collarenebri,762
10558,Collaroy (NSW),14391
10559,Collector,404
10560,Collendina,233
10561,Collie (NSW),156
10562,Collingullie,136
10563,Collombatti,602
10564,Colo Heights,329
10565,Colo Vale,1721
10567,Colyton,7999
10568,Comberton,77
10569,Comboyne,451
10570,Come By Chance,117
10571,Como (NSW),3789
10572,Comobella,59
10573,Conargo,245
10574,Concord,14135
10575,Concord West,5839
10576,Condell Park,10419
10577,Condobolin,3742
10578,Condong,298
10579,Congarinni,522
10580,Congarinni North,347
10581,Congewai,253
10582,Congo,224
10583,Coniston,2184
10584,Conjola Park,337
10585,Connells Point,2702
10586,Constitution Hill,4257
10587,Coogee (NSW),14021
10588,Cookamidgera,215
10589,Cookardinia,241
10590,Cooks Gap,489
10591,Cooks Hill,3625
10592,Cooks Myalls,385
10593,Coolac,365
10594,Coolagolite,261
10595,Coolah,1277
10596,Coolamon,2131
10597,Coolangatta (NSW),290
10598,Coolongolook,416
10599,Cooma (NSW),6660
10600,Coomba Bay,257
10601,Coomba Park,443
10602,Coomealla,863
10603,Coonabarabran,3167
10604,Coonamble,3007
10605,Cooperabung,373
10606,Coopernook,519
10607,Coopers Gully,273
10608,Coopers Shoot,320
10609,Coorabell,422
10610,Cooranbong,5019
10611,Cootamundra,6708
10612,Cooyal,435
10613,Copacabana,2682
10614,Copmanhurst,485
10615,Coraki,1481
10616,Coralville,94
10617,Coramba,771
10618,Corbie Hill,296
10619,Cordeaux Heights,4729
10620,Coreen,397
10621,Corindi Beach,1449
10622,Corlette,4628
10623,Corndale (NSW),351
10624,Corowa,5594
10625,Corrimal,6341
10626,Cottage Point,115
10627,Courabyra,244
10628,Couridjah,276
10629,Coutts Crossing,1044
10630,Cowan,544
10631,Cowra,9739
10632,Coxs Creek,161
10633,Crabbes Creek,293
10634,Cranebrook,14719
10636,Craven,268
10637,Cremorne (NSW),11060
10638,Cremorne Point,1980
10639,Crescent Head,1592
10640,Crestwood,4443
10641,Cringila,2120
10642,Cromer (NSW),7172
10643,Cronulla,17033
10644,Crookwell,2516
10645,Crosslands,425
10646,Croudace Bay,543
10648,Crowdy Head,220
10649,Crows Nest (NSW),4050
10650,Croydon (NSW),10387
10651,Croydon Park (NSW),10722
10652,Crystal Creek (NSW),393
10653,Cudal,653
10654,Cudgen,852
10655,Cudgera Creek,388
10656,Cudmirrah,260
10657,Culburra Beach,2679
10658,Culcairn,1427
10659,Cullen Bullen,182
10660,Cumbalum,1221
10661,Cumberland Reach,195
10662,Cumboogle,260
10663,Cumborah,361
10664,Cumnock,614
10665,Cundletown,2065
10666,Cunjurong Point,192
10667,Curl Curl,2413
10668,Curlewis (NSW),969
10669,Curlwaa,414
10670,Currabubula,321
10671,Curramore (NSW),227
10672,Currans Hill,5015
10673,Currarong,448
10674,Currawarna,225
10675,Daceyville,1165
10676,Daleys Point,585
10677,Dalgety,215
10678,Dalmeny,1929
10679,Dalton,107
10680,Dalwood (Ballina - NSW),257
10681,Dandry,163
10682,Dangar Island,267
10683,Dapto,10722
10684,Darawank,325
10685,Darbys Falls,319
10686,Dareton,517
10687,Dargan,103
10688,Darkes Forest,259
10689,Darkwood,244
10690,Darling Point,3931
10691,Darlinghurst,10033
10692,Darlington (Singleton - NSW),492
10693,Darlington (Sydney - NSW),2248
10694,Darlington Point,1210
10695,Daruka,816
10696,Davidson,2413
10697,Davistown,2402
10698,Dawes Point,541
10699,Dean Park,3097
10700,Dee Why,19844
10701,Deepwater (NSW),319
10702,Deer Vale,256
10703,Delegate,453
10704,Delroy Heights,471
10705,Delungra,555
10706,Denham Court,1589
10707,Denhams Beach,542
10708,Deniliquin,7496
10709,Denistone,3567
10710,Denistone East,2097
10711,Denistone West,913
10712,Denman,1793
10713,Deua River Valley,311
10714,Dharruk,2756
10715,Diamond Beach,846
10716,Dignams Creek,158
10717,Dolans Bay,555
10718,Dolls Point,1775
10719,Dolphin Point,216
10720,Dondingalong,689
10721,Doonbah,243
10722,Doonside,13100
10723,Dooralong,387
10724,Dora Creek,1674
10725,Dorrigo,1517
10726,Double Bay,4682
10727,Doubtful Creek,262
10728,Douglas Park,1271
10729,Dover Heights,3924
10730,Downside,417
10731,Doyalson,306
10732,Doyalson North,403
10733,Drake,397
10734,Drummoyne,11374
10735,Dubbo,32335
10736,Duckenfield,357
10737,Duckmaloi,197
10738,Dudley,2266
10739,Duffys Forest,433
10740,Dulguigan,322
10741,Dulwich Hill,12964
10742,Dumaresq Island,70
10743,Dunbible,330
10744,Dunbogan,962
10745,Dundas (NSW),3889
10746,Dundas Valley,4635
10747,Dundee,209
10748,Dundurrabin,186
10749,Dunedoo,1252
10750,Dungay,317
10751,Dungog,2124
10752,Dungowan,523
10753,Dunmore (NSW),265
10754,Dunoon,822
10755,Duns Creek,490
10756,Dural (Hornsby - NSW),7351
10757,Duranbah,263
10758,Duri,536
10759,Durras North,287
10760,Dyers Crossing,339
10761,Eagle Vale,5715
10762,Eagleton,235
10763,Earlwood,16743
10764,East Albury,6246
10765,East Ballina,5318
10766,East Bowral,1575
10767,East Branxton,1724
10768,East Coraki,428
10769,East Corrimal,3168
10770,East Gosford,3911
10771,East Gresford,315
10772,East Hills,3271
10773,East Jindabyne,552
10774,East Kempsey,1319
10775,East Killara,2868
10776,East Kurrajong,2118
10777,East Lindfield,3625
10778,East Lismore,4987
10779,East Maitland,11021
10780,East Ryde,2335
10781,East Seaham,357
10782,East Tamworth,5228
10783,East Wagga Wagga,253
10784,Eastern Creek,803
10785,Eastgardens,809
10786,Eastlakes,6922
10787,Eastwood (NSW),16163
10788,Eatonsville,395
10789,Ebenezer (NSW),968
10790,Ebor,305
10791,Eden,3052
10792,Eden Creek,559
10793,Edensor Park,9449
10794,Edgecliff,1977
10795,Edgeworth,6253
10796,Edith (NSW),222
10797,Edmondson Park,423
10798,Eglinton (NSW),2105
10799,Elands,402
10800,Elanora Heights,3865
10801,Elderslie (Camden - NSW),4262
10802,Eleebana,5487
10803,Elermore Vale,5180
10804,Elizabeth Bay,5094
10805,Elizabeth Beach,231
10807,Ellalong,792
10808,Elland,556
10809,Ellangowan (NSW),256
10810,Ellenborough,293
10811,Ellerslie (Wentworth - NSW),376
10812,Ellis Lane,811
10813,Elrington,277
10814,Elsmore,569
10815,Eltham (NSW),350
10816,Emerald Beach,2140
10817,Emerald Hill,256
10818,Emerton,2397
10819,Emmaville,696
10820,Empire Bay,2277
10821,Empire Vale,394
10822,Emu Heights (NSW),3358
10823,Emu Plains,8115
10824,Enfield (NSW),2706
10825,Engadine,16858
10826,Englorie Park,377
10827,Enmore (Marrickville - NSW),3569
10828,Enngonia,212
10829,Epping (NSW),20239
10830,Eraring,275
10831,Erina,4635
10832,Erina Heights,423
10833,Ermington,9479
10834,Erowal Bay,554
10835,Erskine Park,6665
10836,Erskineville,6848
10837,Eschol,340
10838,Eschol Park,2649
10839,Estella,1881
10840,Ettalong Beach,4633
10841,Ettrick (NSW),231
10842,Euabalong,380
10843,Eugowra,912
10844,Eulah Creek,189
10845,Eulomogo,760
10846,Eumungerie,425
10847,Eungai Creek,376
10848,Eungai Rail,281
10849,Eungella (NSW),284
10850,Eureka (NSW),305
10851,Eurobodalla,221
10852,Euroka,325
10853,Euston,797
10854,Evans Head,2730
10855,Evans Plains,232
10856,Eveleigh,471
10857,Eviron,283
10858,Ewingar,253
10859,Ewingsdale,712
10860,Exeter (NSW),831
10861,Failford,497
10862,Fairfield (NSW),17037
10863,Fairfield East,5068
10864,Fairfield Heights,6644
10865,Fairfield West,10744
10866,Fairlight,5491
10867,Fairy Hill,300
10868,Fairy Meadow,6588
10869,Falls Creek (NSW),957
10870,Far Meadow,285
10871,Farley,235
10872,Farmborough Heights,4178
10873,Fassifern (NSW),618
10874,Faulconbridge,3983
10875,Faulkland,239
10876,Fawcetts Plain,374
10877,Federal (NSW),720
10878,Fennell Bay,1465
10879,Fern Bay,1628
10881,Fernhill,1024
10882,Fernleigh,276
10883,Fernmount,376
10884,Fernvale (NSW),237
10886,Fiddletown,241
10887,Fifield,287
10888,Figtree,10620
10889,Fingal Bay,1501
10890,Fingal Head,543
10891,Finley,2511
10892,Firefly,489
10894,Fishermans Paradise,421
10895,Fishermans Reach,282
10896,Fishing Point,1048
10897,Fitzroy Falls,209
10898,Five Dock,8740
10899,Fletcher (NSW),2716
10900,Flinders (NSW),5207
10901,Floraville,1545
10902,Forbes (NSW),7550
10903,Forest Hill (NSW),2218
10904,Forest Lodge,2731
10905,Forest Reefs,464
10906,Forestville (NSW),7852
10907,Forresters Beach,2500
10908,Forster (NSW),13113
10909,Fosters Valley,186
10910,Fosterton,243
10911,Fountaindale,629
10912,Foxground,231
10913,Frazers Creek,392
10914,Frederickton,1280
10916,Freemans Reach,2119
10917,Frenchs Forest,13183
10918,Freshwater (NSW),8256
10919,Frogmore,381
10920,Fullerton Cove,301
10921,Galong,339
10922,Galston,2992
10923,Ganbenang,356
10924,Ganmain,613
10925,Garah,549
10926,Garden Suburb,1922
10927,Garra,188
10928,Gateshead,3567
10929,Geneva,575
10930,Georges Hall,8672
10931,Georges Plains,360
10932,Georgetown (NSW),2005
10933,Georgica,247
10934,Gerogery,508
10935,Gerringong,3457
10936,Gerroa,757
10937,Geurie,898
10938,Giants Creek,195
10939,Gilead,348
10940,Gilgai,698
10941,Gilgandra,3133
10942,Gilgooma,174
10943,Gillenbah,405
10944,Gillieston Heights,1369
10945,Gilmore (NSW),249
10946,Gin Gin (NSW),157
10947,Girards Hill,1334
10948,Girilambone,221
10949,Girral,187
10950,Girraween (NSW),4697
10951,Gladesville,10981
10952,Gladstone (NSW),389
10953,Glebe (NSW),11103
10954,Glen Alpine,4325
10955,Glen Davis,289
10956,Glen Innes,6134
10957,Glen Oak,330
10958,Glen William,231
10959,Glenbrook,4942
10960,Glencoe (NSW),352
10961,Glendale (NSW),3289
10962,Glendenning,5029
10963,Glendon Brook,285
10964,Glenfield (NSW),7547
10965,Glenfield Park,5260
10966,Glenhaven,6101
10967,Gleniffer,417
10968,Glenmore Park,20281
10969,Glenning Valley,2058
10970,Glenorie,3405
10971,Glenquarry,250
10972,Glenreagh,863
10973,Glenridding,359
10974,Glenrock (NSW),371
10975,Glenroy (Albury - NSW),2955
10976,Glenroy (Tumbarumba - NSW),329
10977,Glenthorne,263
10978,Glenugie,243
10979,Glenwood (NSW),15323
10980,Glossodia,2860
10981,Gloucester,2870
10982,Gobarralong,199
10983,Gobbagombalin,362
10984,Gocup,167
10985,Godfreys Creek,162
10986,Gol Gol,1592
10987,Gollan,227
10989,Goodnight,225
10990,Goodooga,339
10991,Googong,1117
10992,Goolgowi,287
10993,Goolhi,248
10994,Gooloogong,295
10995,Goonellabah,12543
10996,Goonengerry,571
10997,Goonumbla,348
10998,Gordon (NSW),6598
10999,Gormans Hill,868
11000,Gorokan,7677
11001,Gosford,3380
11002,Goulburn,21070
11003,Grabben Gullen,476
11004,Grafton,10193
11005,Grahamstown,223
11006,Graman,195
11008,Granville (NSW),13980
11009,Grasmere,1711
11010,Grattai,378
11011,Gravesend,323
11012,Grawlin,285
11013,Grays Point,2801
11014,Great Mackerel Beach,299
11015,Green Pigeon,314
11016,Green Point (Gosford - NSW),6574
11017,Green Point (Great Lakes - NSW),588
11018,Green Valley (NSW),12361
11019,Greenacre,23227
11020,Greendale (Liverpool - NSW),354
11021,Greenethorpe,320
11022,Greenfield Park,4753
11023,Greenhill (NSW),683
11024,Greenleigh,718
11025,Greenridge,378
11026,Greenwell Point,1194
11027,Greenwich,5175
11029,Greigs Flat,323
11030,Grenfell,2577
11031,Gresford,305
11032,Greta (NSW),2479
11033,Greystanes,21689
11034,Griffith (NSW),16987
11035,Grong Grong,392
11036,Grose Vale,1141
11037,Grose Wold,629
11038,Guildford (NSW),19855
11039,Guildford West,4412
11040,Gulargambone,579
11041,Gulgong,2379
11042,Gulmarrad,1649
11043,Gum Flat,315
11044,Gumly Gumly,289
11045,Gumma,405
11046,Gundagai,1470
11047,Gundaroo,1040
11048,Gundary,316
11049,Gundy,186
11050,Gunnedah,9351
11051,Gunning,479
11052,Gurranang,261
11053,Guyra,1921
11054,Gwabegar,346
11055,Gwandalan,3026
11056,Gwynneville,2832
11057,Gymea,7174
11058,Gymea Bay,6857
11059,Haberfield,6651
11060,Halekulani,2427
11061,Halfway Creek,265
11062,Hallidays Point,363
11063,Hallsville,529
11064,Hamilton (NSW),4072
11065,Hamilton East,904
11066,Hamilton North,885
11067,Hamilton South,4039
11068,Hamilton Valley,389
11069,Hamlyn Terrace,5229
11070,Hammondville,3260
11071,Hannam Vale,423
11072,Hanwood,1488
11073,Harden,1875
11074,Hargraves,341
11075,Harolds Cross,417
11076,Harrington,2258
11077,Harrington Park,7620
11078,Harris Park,5082
11079,Hartley (NSW),297
11080,Harwood,355
11081,Hassall Grove,4397
11083,Hastings Point,582
11084,Hat Head,328
11085,Hawkesbury Heights,451
11086,Hawks Nest,1117
11087,Hay (NSW),2428
11088,Hay South,390
11089,Haymarket,5391
11090,Haywards Bay,691
11091,Hazelbrook,4532
11092,Heathcote (NSW),5984
11093,Heatherbrae,491
11094,Hebersham,5449
11095,Heckenberg,2982
11096,Heddon Greta,1708
11097,Helensburgh,5991
11098,Henley,457
11099,Henty (NSW),1135
11100,Hermidale,301
11101,Hermitage Flat,346
11102,Hernani,245
11103,Herons Creek,312
11104,Hexham (NSW),178
11105,Hickeys Creek,264
11106,High Range,474
11107,Highfields (NSW),1044
11108,Hill End (NSW),486
11109,Hill Top (Wingecarribee - NSW),2492
11110,Hillgrove (Armidale Dumaresq - NSW),290
11111,Hillsborough (Lake Macquarie - NSW),670
11112,Hillsdale,4970
11113,Hillston,1428
11114,Hillville,280
11115,Hillvue,6267
11116,Hinchinbrook (NSW),10615
11117,Hinton,312
11118,Hobartville (NSW),2847
11119,Hogarth Range,280
11120,Holbrook,1685
11121,Holgate,990
11122,Holmesville,1417
11123,Holroyd,1046
11124,Holsworthy,5060
11125,Homebush (NSW),6197
11126,Homebush West,5793
11127,Homeleigh,151
11128,Hopkins Creek,207
11129,Horningsea Park,3678
11130,Hornsby,19881
11131,Hornsby Heights,6177
11132,Horse Station Creek,202
11133,Horseshoe Bend,399
11134,Horsfield Bay,527
11135,Horsley,7035
11136,Horsley Park,1935
11137,Hoskinstown,342
11138,Howlong,2556
11139,Hoxton Park,4206
11141,Hunters Hill,8995
11142,Hunterview,2637
11143,Huntley (Orange - NSW),305
11144,Huntleys Cove,737
11145,Huntleys Point,135
11146,Huonbrook,305
11147,Hurlstone Park,4694
11148,Hurstville,26049
11149,Hurstville Grove,2389
11150,Huskisson,730
11151,Hyams Beach,292
11152,Hyland Park,443
11153,Ilarwill,214
11154,Ilford,303
11155,Illawong,7316
11156,Iluka (NSW),1699
11157,Ingleburn,13907
11158,Ingleside,1118
11159,Inverell,11401
11160,Invergowrie,750
11161,Islington,1807
11162,Ivanhoe (NSW),199
11163,Jacks Creek,144
11164,Jamberoo,1532
11165,James Creek,218
11166,Jamisontown,5236
11167,Jannali,5963
11168,Jaspers Brush,372
11169,Jeir,309
11170,Jellat Jellat,209
11171,Jemalong,262
11172,Jennings,212
11173,Jerangle,224
11174,Jeremadra,353
11175,Jerilderie,1066
11176,Jerrabomberra,9426
11177,Jerrara,283
11178,Jerrys Plains,688
11179,Jerseyville,136
11180,Jesmond,2600
11181,Jewells,3124
11182,Jiggi,335
11183,Jilliby,1761
11184,Jindabyne,2450
11185,Jindera,1814
11186,Jingellic,23
11187,Johns River,347
11189,Jugiong,304
11190,Junction Hill,1176
11191,Junee,4577
11192,Kahibah,2085
11193,Kains Flat,349
11194,Kalang,373
11195,Kalaru,640
11196,Kalkite,172
11197,Kanahooka,5160
11198,Kandos,1282
11199,Kangaloon,310
11200,Kangaroo Creek,258
11201,Kangaroo Point (NSW),577
11202,Kangaroo Valley,842
11203,Kangy Angy,317
11204,Kanimbla (NSW),262
11205,Kanoona,333
11206,Kanwal,3880
11207,Kapooka,338
11208,Karabar,8605
11209,Karangi,534
11210,Kareela,3328
11211,Kariong,6448
11212,Karuah,1327
11213,Katoomba,8010
11214,Kearns,2756
11215,Kearsley,740
11216,Keepit,321
11217,Keerrong,378
11218,Keiraville,3337
11219,Keith Hall,177
11220,Kellyville,20325
11221,Kellyville Ridge,8342
11222,Kelso (NSW),7733
11223,Kembla Grange,221
11225,Kemps Creek,2307
11226,Kempsey,391
11227,Kendall,1185
11228,Kenebri,170
11229,Kensington (NSW),12780
11230,Kenthurst,4880
11231,Kentlyn,694
11232,Kentucky,324
11233,Kerrigundi,429
11234,Kew (NSW),651
11235,Khancoban,452
11236,Kiah,239
11237,Kiama,6266
11238,Kiama Downs,4850
11239,Kiama Heights,897
11240,Kianga (NSW),740
11241,Kielvale,326
11242,Kilaben Bay,1341
11243,Killabakh,257
11244,Killara (NSW),9283
11245,Killarney Heights,4459
11246,Killarney Vale,6942
11247,Killawarra (NSW),263
11248,Killcare,457
11249,Killcare Heights,753
11250,Killingworth (NSW),701
11251,Kimbriki,119
11252,Kinchela,318
11253,Kincumber,6836
11254,Kincumber South,680
11255,Kindee,295
11256,King Creek,1334
11257,Kings Langley,9266
11258,Kings Park (NSW),3342
11259,Kings Point,563
11260,Kingscliff,6403
11261,Kingsford (NSW),14101
11262,Kingsgrove,11521
11263,Kingsvale,218
11264,Kingswood (Penrith - NSW),9110
11265,Kingswood (Tamworth - NSW),1132
11266,Kioloa,206
11268,Kirkham,696
11269,Kirrawee,8970
11270,Kirribilli,3665
11271,Kitchener,528
11272,Knockrow,195
11273,Kogarah,12751
11274,Kogarah Bay,2061
11275,Koolewong,794
11276,Koonawarra,3633
11277,Koonorigan,271
11278,Kooragang,16
11279,Koorainghat,207
11280,Koorawatha,259
11281,Kooringal (NSW),7296
11282,Kootingal,2156
11283,Koraleigh,279
11284,Korora,2225
11285,Kosciuszko National Park,764
11286,Kotara,3906
11287,Kotara South,1145
11288,Krambach,393
11290,Kulnura,583
11291,Kundabung,552
11292,Kundle Kundle,325
11293,Kurmond,877
11294,Kurnell,2215
11295,Kurraba Point,1700
11296,Kurrajong,3129
11297,Kurrajong Heights,1231
11298,Kurrajong Hills,644
11299,Kurri Kurri,5773
11300,Kyeemagh,790
11301,Kyle Bay,837
11302,Kyogle,2548
11303,La Perouse,415
11304,Lacmalac,121
11305,Lade Vale,504
11306,Ladysmith,196
11307,Laggan,327
11308,Lagoon Grass,101
11309,Laguna,552
11310,Lake Albert,5872
11311,Lake Cargelligo,1376
11312,Lake Cathie,2998
11313,Lake Conjola,397
11314,Lake Haven,3380
11315,Lake Heights,3261
11316,Lake Illawarra,3091
11317,Lake Innes,571
11318,Lake Munmorah,4801
11319,Lake Tabourie,601
11320,Lake Wyangan,901
11321,Lakelands (NSW),1508
11322,Lakemba,15515
11323,Lakesland,406
11324,Lakewood (NSW),1314
11325,Lalalty,262
11326,Lalor Park,6992
11327,Lambs Valley (Singleton - NSW),435
11328,Lambton,4999
11329,Lane Cove,9478
11330,Lane Cove North,9347
11331,Lane Cove West,2241
11332,Lanitza,424
11334,Lansdowne (Greater Taree - NSW),635
11336,Lansvale,2432
11337,Lapstone,912
11338,Largs,1355
11339,Larnook,371
11340,Larras Lee,93
11341,Laurieton,1930
11342,Lavender Bay,860
11343,Lavington,12033
11344,Lawrence (NSW),1046
11345,Lawson (NSW),2884
11346,Leadville,180
11347,Leconfield,220
11348,Leeton,8397
11349,Leets Vale,276
11350,Legume,369
11351,Leichhardt (NSW),13517
11352,Lemon Tree Passage,2545
11353,Lennox Head,6151
11354,Leonay,2425
11355,Leppington,2384
11356,Lethbridge Park,4649
11357,Leumeah,9406
11358,Leura,4368
11359,Lewis Ponds,414
11360,Lewisham (NSW),2919
11361,Leycester,234
11362,Liberty Grove,2054
11363,Lidcombe,16687
11364,Lidsdale,515
11365,Lightning Ridge,2491
11366,Lilli Pilli (Eurobodalla - NSW),617
11367,Lilli Pilli (Sutherland - NSW),1277
11368,Lillian Rock,215
11369,Lilyfield,7345
11370,Lilyvale (NSW),74
11371,Limbri,245
11372,Limeburners Creek (Great Lakes - NS,312
11373,Limpinwood,224
11374,Linden (NSW),590
11375,Lindendale,318
11376,Lindfield,8652
11377,Lindifferon,246
11378,Linley Point,396
11379,Lisarow,5028
11380,Lismore (NSW),3793
11381,Lismore Heights,2197
11382,Liston,350
11383,Lithgow,5649
11384,Little Bay,2941
11385,Little Billabong,373
11386,Little Forest,323
11387,Little Hartley,536
11388,Little Wobby,218
11389,Littleton,871
11390,Liverpool,24112
11391,Llanarth (NSW),1748
11392,Llandilo,1596
11393,Lloyd,529
11394,Lochiel (NSW),315
11395,Lochinvar,941
11396,Lockhart (NSW),1304
11397,Loftus,4017
11398,Loftville,245
11399,Logans Crossing,342
11400,Logie Brae,166
11401,Londonderry (NSW),3819
11402,Long Beach,1379
11403,Long Flat (NSW),386
11404,Long Jetty,5784
11405,Long Point (Campbelltown - NSW),203
11406,Longueville,2097
11407,Loomberah,492
11408,Lord Howe Island,359
11409,Lorn,1263
11410,Lorne (NSW),273
11411,Louth Park,637
11412,Lovedale,335
11413,Lowanna,321
11414,Lower Belford,384
11415,Lower Boro,245
11416,Lower Dyraaba,130
11417,Lower Macdonald,263
11418,Lower Pappinbarra,267
11419,Lower Portland,549
11420,Lowesdale,310
11422,Lucknow (NSW),325
11423,Luddenham,1495
11424,Lue,454
11425,Lugarno,5548
11426,Lurnea,8620
11427,Luskintyre,264
11428,Lynchs Creek,253
11429,Lyndhurst (Blayney - NSW),216
11430,Lynwood (NSW),186
11431,Macksville,2566
11432,Maclean,2609
11433,Macmasters Beach,1220
11434,Macquarie Fields,13176
11435,Macquarie Hills,3076
11436,Macquarie Links,1095
11437,Macquarie Park,6141
11439,Magenta (NSW),88
11440,Maianbar,518
11441,Main Arm,554
11442,Maison Dieu,163
11443,Maitland (NSW),1830
11444,Majors Creek (NSW),221
11445,Malabar,4933
11446,Mallabula,848
11447,Mallanganee,198
11448,Mallowa,284
11449,Maloneys Beach,370
11450,Malua Bay,1809
11451,Mandalong,388
11452,Mandurama,494
11453,Mangerton,2824
11454,Mangoplah,517
11455,Mangrove Mountain,728
11456,Manildra,731
11457,Manilla,2515
11458,Manly (NSW),15066
11459,Manly Vale,5702
11460,Mannering Park,2401
11461,Manning Point,206
11462,Manyana,380
11463,Maraylya,1171
11464,Marayong,7311
11465,Marchmont,316
11466,Mardi,3441
11467,Marks Point,1740
11468,Markwell,268
11469,Marlee,341
11470,Marmong Point,763
11471,Maroota,292
11472,Maroubra,29578
11473,Marrangaroo,821
11474,Marrar,171
11475,Marrickville,24586
11476,Marsden Park,1047
11477,Marsfield,12353
11478,Marshall Mount,353
11479,Marthaguy,255
11480,Martindale,433
11481,Martins Creek,340
11482,Martinsville,363
11483,Marulan,1380
11484,Maryland (Newcastle - NSW),7778
11485,Marys Mount,224
11486,Maryville,1423
11487,Mascot,10178
11488,Matcham,972
11489,Mathoura,1164
11490,Matong,303
11491,Matraville,9047
11492,Mayfield (Newcastle - NSW),9091
11493,Mayfield East,1710
11494,Mayfield West,1771
11495,Mays Hill,714
11496,McDougalls Hill,456
11497,McGraths Hill,2506
11498,McKellars Park,222
11499,McLeans Ridges,618
11500,McMahons Point,2343
11501,Meadow Flat,353
11502,Meadowbank (NSW),3671
11503,Medlow Bath,544
11504,Medowie,8844
11505,Medway,385
11506,Meerschaum Vale,354
11507,Megan,191
11508,Melrose Park (NSW),1481
11509,Memagong,497
11510,Menah,423
11511,Menai,10529
11512,Menangle,880
11513,Menangle Park,241
11514,Mendooran,449
11515,Menindee,449
11516,Merah North,388
11517,Merewether,10477
11518,Merewether Heights,1435
11519,Merimbula,3277
11520,Meroo Meadow,350
11521,Merriwa (NSW),1793
11522,Merriwagga,167
11523,Merrygoen,146
11524,Merrylands,26684
11525,Merrylands West,6196
11526,Merungle Hill,236
11528,Metford,4867
11529,Methul,308
11530,Michelago,644
11531,Middle Arm,500
11532,Middle Brook,404
11533,Middle Cove,1273
11534,Middle Dural,926
11535,Middleton Grange,516
11536,Mila,241
11537,Miller,3090
11538,Millers Forest,323
11539,Millers Point,1739
11540,Millfield,802
11541,Millingandi,384
11542,Millthorpe,1114
11543,Milperra,3854
11544,Milsons Passage,112
11545,Milsons Point,2018
11546,Milton (NSW),1443
11547,Minchinbury,5455
11548,Mindaribba,327
11549,Minmi,696
11550,Minnamurra,857
11551,Minnie Water,191
11552,Minore Falls,113
11553,Minto,10299
11554,Minto Heights,377
11555,Miranda (NSW),14425
11556,Mirrabooka (NSW),749
11557,Mirrool,232
11558,Missabotti,309
11559,Mitchell (NSW),1184
11560,Mitchells Flat,308
11561,Mitchells Island,446
11562,Mittagong,5709
11563,Moama,5573
11564,Modanville,567
11565,Mogareeka,208
11566,Mogendoura,232
11567,Mogo (Eurobodalla - NSW),262
11568,Mogood,30
11569,Mole River,447
11570,Mollymook,1184
11571,Mollymook Beach,2053
11572,Molong,2509
11573,Mona Vale,10175
11574,Monaltrie,206
11576,Monteagle,412
11577,Montefiores,472
11578,Monterey,4335
11579,Mooball,377
11580,Moobi,258
11581,Moonan Flat,275
11582,Moonbah,932
11583,Moonbi,993
11584,Mooneba,261
11585,Moonee Beach,1561
11586,Mooney Mooney,425
11587,Moorbel,243
11588,Moore Creek,1541
11590,Moorebank,7590
11591,Moorland (NSW),568
11592,Moorong,105
11593,Moree,9339
11594,Morisset,2856
11595,Morisset Park,616
11596,Morpeth,1260
11597,Mortdale,9703
11598,Mortlake (NSW),753
11599,Morton,196
11600,Morts Estate,432
11601,Moruya,3864
11602,Moruya Heads,922
11603,Mosman,27462
11604,Moss Vale,7778
11605,Mossy Point,509
11606,Moto,289
11607,Moulamein,586
11608,Mount Annan,10543
11609,Mount Arthur,482
11610,Mount Austin,4000
11611,Mount Burrell,485
11612,Mount Colah,7113
11613,Mount Druitt,15819
11614,Mount Elliot (NSW),203
11615,Mount Fairy,185
11616,Mount George (NSW),339
11617,Mount Hunter,811
11618,Mount Hutton (NSW),3174
11619,Mount Keira,1515
11620,Mount Kembla,1027
11621,Mount Kuring-Gai,1575
11622,Mount Lewis,1100
11623,Mount Olive (Singleton - NSW),237
11624,Mount Ousley,1532
11625,Mount Pleasant (NSW),1196
11626,Mount Pritchard,9053
11627,Mount Rankin,338
11628,Mount Riverview,2964
11629,Mount Russell,307
11630,Mount Saint Thomas,1414
11631,Mount Thorley,181
11632,Mount Vernon,1034
11633,Mount Victoria,893
11634,Mount View,249
11635,Mount Vincent,380
11636,Mount Warrigal,4539
11637,Mountain Lagoon,328
11638,Mountain View (NSW),185
11639,Mudgee,9821
11640,Mugga Downs,751
11641,Mulbring,697
11642,Mulgoa,1786
11643,Muli Muli,166
11644,Mullaway,523
11645,Mullengandra,322
11646,Mullion Creek,575
11647,Mulloon,112
11648,Mullumbimby,3173
11649,Mullumbimby Creek,635
11650,Mulwala,1907
11651,Mumbil,421
11652,Mummulgum,258
11653,Mundamia,94
11654,Mundongo,214
11655,Mungindi (NSW),742
11656,Murrami,270
11657,Murray Downs,146
11658,Murrin Bridge,98
11659,Murringo,321
11660,Murrumbateman,2837
11661,Murrumburrah,481
11662,Murrurundi,846
11663,Murwillumbah,6337
11664,Muscle Creek,520
11665,Muswellbrook,11801
11666,Mutawintji,178
11667,Myall Park (NSW),135
11668,Mylestom,337
11669,Myocum,941
11670,Myola (NSW),103
11671,Myrtle Creek (NSW),234
11672,Myrtleville,379
11673,Mystery Bay,247
11674,Nabiac,1515
11675,Nambucca Heads,6235
11676,Nana Glen,1030
11677,Nangus,411
11678,Nanima,148
11679,Napoleon Reef,339
11680,Naradhan,167
11681,Narara,7772
11682,Narellan,3494
11683,Narellan Vale,7249
11684,Naremburn,5473
11685,Narooma,2414
11686,Narrabeen,7471
11687,Narrabri,7398
11688,Narraburra,273
11689,Narrandera,4471
11690,Narrawallee,1279
11691,Narraweena,6151
11692,Narromine,4573
11693,Narwee,4947
11694,Nashdale,365
11695,Nashua,244
11696,Neath,431
11697,Nelligen,254
11698,Nelson (The Hills - NSW),472
11699,Nelson Bay (NSW),5385
11700,Nelsons Plains,322
11701,Nemingha,641
11702,Nericon,308
11703,Nerong,350
11704,Nerriga,366
11705,Nerrigundah,57
11706,Nethercote,367
11707,Neurea,371
11708,Neutral Bay,9390
11709,Nevertire,226
11710,Neville,221
11711,New Berrima,543
11712,New Brighton,293
11713,New Italy,294
11714,New Lambton,9744
11715,New Lambton Heights,2153
11716,Newbridge (NSW),183
11717,Newcastle,2384
11718,Newcastle East,993
11719,Newcastle West,590
11720,Newee Creek,385
11721,Newington (NSW),5323
11722,Newport (NSW),9030
11723,Newrybar,462
11724,Newtown (NSW),14158
11725,Niagara Park,2814
11726,Niangala,141
11727,Nimbin,1667
11728,Nimmitabel,224
11729,Nobbys Creek,276
11730,Norah Head,1090
11731,Noraville,2699
11732,Nords Wharf,826
11733,Normanhurst,5160
11734,North Albury,5992
11735,North Arm Cove,421
11736,North Avoca,1953
11737,North Balgowlah,3454
11738,North Batemans Bay,543
11739,North Boambee Valley,1572
11740,North Bondi,8579
11742,North Casino,971
11743,North Curl Curl,3540
11744,North Dorrigo,306
11745,North Epping,4407
11746,North Gosford,3508
11747,North Haven (NSW),1597
11748,North Lambton,3116
11749,North Lismore,799
11750,North Macksville,635
11751,North Manly,2785
11752,North Narooma,578
11753,North Narrabeen,5539
11754,North Nowra,5391
11755,North Parramatta,12594
11756,North Richmond,4602
11757,North Rocks,7628
11758,North Rothbury,838
11759,North Ryde,10122
11760,North Shore (NSW),381
11761,North St Marys,3688
11762,North Star,421
11763,North Strathfield,4441
11764,North Sydney,6262
11765,North Tamworth,4096
11766,North Tumbulgum,303
11767,North Turramurra,3974
11768,North Wagga Wagga,738
11769,North Wahroonga,1884
11770,North Willoughby,3905
11771,North Wollongong,2268
11772,North Yeoval,96
11773,Northbridge (NSW),5928
11774,Northmead,10224
11775,Northwood (NSW),915
11776,Nowendoc,141
11777,Nowra,9264
11778,Nowra Hill,1838
11779,Nulkaba,549
11780,Nullamanna,413
11781,Numbugga,176
11782,Numeralla,364
11783,Numulgi,260
11784,Nunderi,672
11785,Nundle,598
11788,Nymboida,300
11789,Nyngan,2388
11790,O'Connell (NSW),645
11791,Oak Flats,6308
11792,Oakdale (NSW),1908
11793,Oakhampton,590
11794,Oakhurst (NSW),6940
11795,Oaklands,239
11796,Oakville,1845
11797,Oaky Park,332
11798,Oatlands (NSW),5328
11799,Oatley,10096
11800,Oberon,3164
11801,Obley,355
11802,Ocean Shores,4868
11803,Old Bar,4281
11804,Old Bonalbo,272
11805,Old Erowal Bay,947
11806,Old Grevillia,216
11807,Old Guildford,2593
11808,Old Junee,529
11809,Old Toongabbie,2678
11810,One Mile (NSW),276
11811,Ootha,91
11812,Ophir,149
11813,Oran Park,196
11814,Orange,35996
11815,Orangeville,1104
11816,Orchard Hills,1911
11817,Orient Point,651
11818,Osterley (NSW),245
11819,Otford,285
11820,Oura,477
11821,Ourimbah,4156
11822,Oxford Falls,445
11823,Oxley Island,300
11824,Oxley Park,2925
11825,Oxley Vale,3341
11826,Oyster Bay,5429
11827,Paddington (NSW),12151
11828,Paddys River (Wingecarribee - NSW),201
11829,Padstow,12703
11830,Padstow Heights,3490
11831,Pagewood,3644
11832,Pallamallawa,492
11833,Palm Beach (NSW),1601
11834,Palmers Island,478
11835,Pambula,864
11836,Pambula Beach,662
11837,Pampoolah,366
11838,Panania,11471
11839,Parkes (NSW),11263
11840,Parkesbourne,351
11841,Parklea,3458
11842,Parkville (NSW),323
11843,Parma,320
11844,Parramatta,19763
11845,Parraweena,245
11846,Paterson (NSW),801
11847,Patonga,202
11848,Paxton,848
11849,Peak Hill (NSW),1149
11850,Peakhurst,9905
11851,Peakhurst Heights,2324
11852,Pearl Beach,513
11853,Peats Ridge,328
11854,Peel,553
11855,Pelaw Main,1030
11856,Pelican (NSW),841
11857,Pembrooke,148
11858,Pemulwuy,3015
11859,Pendle Hill,6660
11860,Pennant Hills,7043
11861,Penrith,11804
11862,Penrose (Wingecarribee - NSW),283
11863,Penrose (Wollongong - NSW),1394
11864,Penshurst (NSW),11692
11865,Perthville,820
11866,Petersham,7530
11867,Pheasants Nest,594
11868,Phegans Bay,440
11869,Phillip Bay,639
11870,Piallamore,220
11871,Piallaway,237
11872,Piambong,381
11873,Picketts Valley,269
11874,Picnic Point,5613
11875,Picton (NSW),4590
11876,Piggabeen,327
11877,Pillar Valley,348
11878,Pimlico (NSW),453
11879,Pindimar,229
11880,Pine Ridge,290
11882,Pitnacree,42
11883,Pitt Town,1957
11884,Pleasant Hills,306
11885,Pleasure Point,298
11886,Plumpton (NSW),8251
11887,Point Clare,3811
11888,Point Frederick,1774
11889,Point Piper,1408
11891,Pokolbin,701
11893,Pomona (NSW),137
11894,Pooncarie,326
11896,Port Hacking,1228
11897,Port Kembla,4875
11898,Port Macquarie,41516
11899,Porters Retreat,255
11900,Portland (NSW),2308
11902,Possum Creek,278
11903,Potato Point,269
11905,Potts Point,6856
11906,Pottsville,5734
11907,Prairiewood,3009
11908,Premer,233
11909,Prestons,14441
11910,Pretty Beach (Gosford - NSW),531
11911,Primbee,1583
11912,Primrose Valley,279
11913,Prospect (NSW),4614
11915,Pumpenbil,440
11916,Punchbowl (Canterbury - NSW),18417
11917,Purfleet,157
11918,Putney,4082
11919,Putta Bucca,294
11920,Putty,320
11921,Pymble,10585
11922,Pyree,259
11923,Pyrmont,11625
11924,Quaama,159
11925,Quakers Hill,26165
11926,Quambone,249
11927,Quandialla,350
11928,Queanbeyan,5780
11929,Queanbeyan East,3771
11930,Queanbeyan West,3149
11931,Queens Park (NSW),2938
11932,Queenscliff (NSW),3212
11933,Quialigo,579
11934,Quirindi,3531
11935,Quorrobolong,742
11936,Raby,5983
11937,Raglan (NSW),1079
11938,Rainbow Flat,667
11939,Raleigh,556
11940,Ramornie,332
11941,Ramsgate,904
11942,Ramsgate Beach,1457
11943,Rand,574
11944,Randwick,27744
11945,Rankin Park,2454
11946,Rankins Springs,298
11947,Rappville,310
11948,Rathmines,1944
11950,Ravenswood (NSW),477
11951,Raworth,1226
11952,Raymond Terrace,12725
11953,Razorback,965
11954,Red Head,393
11955,Red Range,605
11956,Red Rock,310
11957,Redbank (NSW),392
11958,Redbournberry,116
11959,Redfern,12038
11960,Redhead,3454
11961,Reedy Creek (NSW),397
11962,Regents Park (NSW),4505
11963,Regentville,618
11964,Repton,630
11965,Reserve Creek,211
11966,Revesby,12941
11967,Revesby Heights,1363
11968,Rhodes,5684
11969,Richmond (NSW),5280
11970,Richmond Hill (NSW),821
11971,Richmond Lowlands,221
11972,Rileys Hill,225
11973,Riverside (NSW),252
11974,Riverstone,6186
11975,Riverview (Gwydir - NSW),124
11976,Riverview (Lane Cove - NSW),3161
11977,Riverwood,10217
11978,Robertson (NSW),1848
11979,Robin Hill,920
11980,Rock Flat,109
11981,Rock Forest,341
11982,Rock Valley,271
11983,Rockdale,14023
11984,Rockley,227
11985,Rocky Point (NSW),276
11986,Rocky River (Uralla - NSW),258
11987,Rodd Point,1300
11989,Rooty Hill,13379
11990,Ropes Crossing,1478
11991,Rose Bay (NSW),9392
11992,Rosebank,509
11993,Roseberry Creek,184
11994,Rosebery (NSW),8475
11995,Rosebrook (NSW),171
11996,Rosedale (NSW),231
11997,Rosehill (NSW),2635
11998,Roselands,11164
11999,Rosemeadow,7639
12000,Roseville,9174
12001,Roseville Chase,1599
12002,Rosewood (Port Macquarie-Hastings -,343
12003,Rosewood (Tumbarumba - NSW),225
12004,Rossmore (NSW),2415
12005,Rothbury,452
12006,Rouchel,296
12007,Round Mountain,260
12008,Rous,256
12009,Rous Mill,196
12010,Rouse Hill,7481
12011,Rowlands Creek,248
12013,Royalla,879
12014,Rozelle,7924
12015,Run-o-Waters,390
12016,Ruse,5503
12017,Rushcutters Bay,2374
12018,Russell Lea,4784
12019,Russell Vale,1516
12020,Rutherford,10174
12021,Rydal,189
12022,Rydalmere,6221
12023,Ryde,21603
12024,Rye Park,238
12025,Ryhope,102
12026,Rylstone,873
12027,Sackville,249
12028,Sackville North,263
12029,Sadleir,3056
12030,Safety Beach (NSW),768
12031,Salamander Bay,4841
12032,Salisbury Plains,220
12033,Salt Ash,1105
12034,San Isidore,342
12035,San Remo (NSW),4303
12036,Sancrox,624
12037,Sanctuary Point,6605
12038,Sandgate (NSW),308
12039,Sandringham (NSW),979
12040,Sandy Beach,2133
12041,Sandy Flat,208
12042,Sandy Hollow,403
12043,Sandy Point (NSW),591
12044,Sans Souci,9667
12045,Sapphire Beach,1769
12046,Saratoga,3717
12048,Saumarez Ponds,424
12049,Sawtell,3488
12050,Sawyers Gully,516
12051,Scarborough (NSW),276
12052,Schofields,3816
12053,Scone,5492
12054,Scotland Island,716
12055,Scotts Head,817
12056,Seaforth (NSW),6726
12057,Seaham,1026
12058,Seahampton,309
12059,Sebastopol (NSW),359
12060,Sedgefield,490
12061,Seelands,210
12062,Sefton,5246
12063,Segenhoe,318
12064,Seven Hills (NSW),18827
12065,Shadforth (NSW),247
12066,Shalvey,3513
12067,Shanes Park,401
12068,Shannon Brook,245
12069,Shannons Flat,206
12070,Shell Cove,4026
12071,Shellharbour,3322
12073,Shelly Beach (NSW),1264
12074,Sherwood (Kempsey - NSW),261
12075,Shoal Bay (NSW),1842
12076,Shoalhaven Heads,2998
12077,Shortland,3708
12078,Silverdale (NSW),3443
12079,Silverwater (Auburn - NSW),3171
12080,Silverwater (Lake Macquarie - NSW),249
12081,Singleton (NSW),5525
12082,Singleton Heights,4679
12083,Skennars Head,1196
12084,Skinners Shoot,238
12086,Smithfield (NSW),11038
12087,Smiths Creek (Tweed - NSW),318
12088,Smiths Lake,1076
12089,Smithtown,609
12090,Soldiers Point,1333
12091,Somersby,982
12092,Somerton (NSW),574
12093,South Albury,1368
12094,South Arm (Nambucca - NSW),215
12095,South Bathurst,1838
12096,South Bowenfels,1001
12097,South Coogee,5080
12098,South Durras,274
12099,South Golden Beach,749
12100,South Grafton,6393
12101,South Granville,4853
12102,South Gundagai,788
12103,South Gundurimba,663
12104,South Guyra,370
12105,South Hurstville,4934
12106,South Kempsey,2465
12107,South Lismore,1902
12108,South Littleton,255
12109,South Maitland,532
12110,South Maroota,513
12111,South Murwillumbah,1066
12112,South Nowra,1023
12113,South Pambula,417
12114,South Penrith,11644
12115,South Tamworth,6682
12116,South Turramurra,2958
12117,South Wentworthville,5523
12118,South West Rocks,4308
12119,South Windsor,5859
12120,Southampton (NSW),57
12121,Southgate,175
12122,Speers Point,3228
12123,Speewa (NSW),376
12124,Spencer,515
12125,Spicers Creek,803
12126,Splitters Creek,267
12127,Spring Farm (NSW),1190
12128,Spring Flat,426
12129,Spring Grove,344
12130,Spring Hill (Cabonne - NSW),281
12131,Spring Ridge,390
12132,Spring Terrace,281
12133,Springdale Heights,1894
12134,Springfield (Gosford - NSW),4107
12135,Springrange,270
12136,Springside (NSW),230
12137,Springvale (Wagga Wagga - NSW),1687
12138,Springwood (NSW),8432
12139,St Albans (NSW),304
12140,St Andrews (NSW),5694
12141,St Clair (Penrith - NSW),19841
12142,St Fillans,289
12143,St Georges Basin,2628
12144,St Helens Park,6316
12145,St Huberts Island,1034
12146,St Ives (NSW),15553
12147,St Ives Chase,3082
12148,St Johns Park,5956
12149,St Leonards (NSW),4458
12150,St Marys (NSW),10960
12151,St Peters (NSW),2876
12152,Stanbridge,414
12153,Stanford Merthyr,563
12154,Stanhope Gardens,7678
12155,Stanmore (NSW),7699
12156,Stanwell Park,1377
12157,Stanwell Tops,470
12158,Stockinbingal,443
12159,Stockton (NSW),4190
12160,Stokers Siding,658
12161,Stonehenge (NSW),218
12162,Stony Chute,233
12163,Stratheden,231
12164,Strathfield (NSW),23642
12165,Strathfield South,3218
12166,Stroud,1023
12167,Stroud Road,281
12168,Stuart Town,486
12169,Stuarts Point,676
12170,Stubbo,235
12171,Stud Park,276
12172,Suffolk Park,3468
12173,Summer Hill (Ashfield - NSW),6588
12174,Summer Hill Creek,530
12175,Summerland Point,2350
12176,Sunny Corner,269
12177,Sunset Strip (NSW),410
12178,Sunshine (NSW),435
12179,Sunshine Bay,1238
12180,Surf Beach (NSW),2045
12181,Surfside,1402
12182,Surry Hills,15369
12183,Sussex Inlet,3558
12184,Sutherland (NSW),9908
12185,Sutton (NSW),1665
12186,Sutton Forest,575
12187,Swan Bay (Port Stephens - NSW),437
12188,Swan Bay (Richmond Valley - NSW),284
12189,Swansea (NSW),4833
12190,Swansea Heads,710
12191,Sydenham (NSW),1016
12192,Sydney,14301
12194,Sylvania,9732
12195,Sylvania Waters,3134
12196,Table Top,1256
12197,Tabulam,639
12198,Tacoma,747
12199,Tacoma South,264
12200,Tahmoor,4506
12201,Talbingo,201
12202,Tallawang,365
12203,Tallimba,335
12204,Tallong,719
12205,Tallwoods Village,539
12206,Tamarama,1451
12207,Tambar Springs,543
12209,Tamworth,239
12210,Tanilba Bay,2917
12211,Tanja,381
12212,Tannabar,119
12213,Tantawangalo,226
12214,Tapitallee,678
12215,Tarago,349
12216,Taralga,284
12217,Tarbuck Bay,203
12218,Tarcutta,616
12219,Taree,15856
12220,Taree South,295
12221,Taren Point,1679
12222,Tarraganda,246
12223,Tarrawanna,1998
12224,Tarro,1639
12225,Tascott,1708
12226,Tatham,177
12227,Tathra,1524
12228,Tatton,2183
12229,Taylors Arm,341
12230,Taylors Beach (NSW),96
12231,Tea Gardens,2441
12232,Telarah,2221
12233,Telegraph Point,616
12234,Telopea,5173
12235,Temagog,357
12236,Temora,4410
12237,Tempe,3297
12238,Tenambit,3003
12239,Tennyson (NSW),432
12240,Tennyson Point,1120
12241,Tenterfield,3963
12242,Teralba,1559
12243,Terania Creek,227
12244,Terara,238
12245,Termeil,247
12246,Terramungamine,249
12247,Terranora,2799
12248,Terrey Hills,2977
12249,Terrigal,10612
12250,Teven,248
12251,Tewinga,207
12252,Thalgarrah,228
12253,Tharbogang,677
12254,The Channon,479
12255,The Entrance,3869
12256,The Entrance North,1386
12257,The Hill,1719
12258,The Junction,1501
12259,The Lagoon,246
12260,The Oaks,2435
12261,The Pinnacles,291
12262,The Pocket,363
12263,The Ponds,2932
12264,The Ridgeway,168
12265,The Rock,1056
12266,The Rocks (Sydney - NSW),680
12267,The Slopes,247
12268,The Whiteman,358
12269,Theresa Park,548
12270,Thirlmere,3535
12271,Thirroul,5610
12272,Thora,292
12273,Thornleigh,8105
12274,Thornton (NSW),7848
12275,Thrumster,222
12276,Thurgoona,6155
12277,Tibooburra,262
12278,Tighes Hill,1620
12279,Timbumburi,390
12280,Tingha,1166
12281,Tingira Heights,1963
12282,Tinonee,1055
12283,Tintenbar,771
12284,Tintinhull,408
12285,Tocumwal,2390
12286,Tolland,3551
12287,Tomago,273
12288,Tomakin,885
12289,Tomerong,938
12290,Tomingley,329
12291,Tooleybuc,175
12292,Tooma,336
12293,Toongabbie (NSW),12997
12294,Tooraweenah,370
12295,Toormina,6079
12296,Toowoon Bay,549
12297,Toronto,5443
12298,Torryburn (Dungog - NSW),174
12299,Tottenham (NSW),636
12300,Toukley,4158
12301,Towamba,371
12302,Townsend,820
12303,Towradgi,3121
12304,Towrang,313
12305,Trangie,1252
12306,Tregeagle,510
12307,Tregear,3913
12308,Trundle,665
12309,Trunkey Creek,264
12310,Tucabia,289
12311,Tucki Tucki,273
12312,Tuckombil,266
12313,Tuena,186
12314,Tuggerah,1019
12315,Tuggerawong,1200
12316,Tullamore,377
12317,Tullera,356
12318,Tullibigeal,384
12319,Tullimbar,158
12320,Tumbarumba,1765
12321,Tumbi Umbi,4981
12322,Tumblong,336
12323,Tumbulgum,384
12324,Tumut,6240
12325,Tuncurry,5810
12326,Tura Beach,2924
12327,Turlinjah,228
12328,Tuross Head,2154
12329,Turramurra,11093
12330,Turrella,1597
12331,Turvey Park,3546
12332,Tweed Heads,7535
12333,Tweed Heads South,7909
12334,Tweed Heads West,5827
12335,Tyagarah,156
12336,Tyalgum,504
12337,Tyndale,333
12338,Uki,765
12339,Ulamambri,394
12340,Ulladulla,6081
12341,Ulmarra,782
12342,Ulong,266
12343,Ultimo,7113
12344,Umina Beach,16055
12345,Unanderra,5679
12346,Ungarie,322
12347,Upper Burringbar,282
12348,Upper Corindi,231
12349,Upper Crystal Creek,187
12350,Upper Horton,206
12351,Upper Lansdowne,491
12352,Upper Main Arm,194
12353,Upper Manilla,301
12354,Upper Orara,721
12355,Upper Rollands Plains,382
12356,Uralba,209
12357,Uralla (NSW),2751
12358,Urana,299
12359,Uranquinty,935
12360,Urbenville,444
12361,Urunga,3018
12362,Vacy,545
12363,Vale Of Clwydd,524
12364,Valentine (NSW),5552
12365,Valla,832
12366,Valla Beach,1203
12367,Valley Heights,1381
12368,Varroville,105
12369,Vaucluse,9043
12370,Verges Creek,333
12371,Verona,414
12372,Villawood,5320
12373,Vincentia,2806
12374,Vineyard,1227
12376,Voyager Point,1376
12377,Wadalba,1775
12378,Wagga Wagga,6958
12379,Wagstaffe,193
12380,Wahroonga,16726
12381,Waitara,5368
12382,Wakefield,178
12383,Wakeley,4667
12384,Wakool,473
12385,Walbundrie,217
12386,Walcha,2504
12387,Walgett,2271
12388,Walla Walla,914
12389,Wallabadah,230
12390,Wallabi Point,546
12391,Wallacia,1689
12392,Wallaga Lake,525
12393,Wallagoot,469
12394,Wallalong,935
12395,Wallamore,225
12396,Wallarah,419
12397,Wallarobba,326
12398,Wallaroo (NSW),641
12399,Wallendbeen,307
12400,Wallerawang,1904
12401,Wallsend,12310
12402,Wamberal,6305
12403,Wamboin,1664
12404,Wanaaring,196
12405,Wandandian,441
12406,Wandella (NSW),299
12407,Wangi Wangi,2673
12408,Wantabadgery,298
12409,Warabrook,2091
12410,Waratah (NSW),4776
12411,Waratah West,2662
12412,Wardell,956
12413,Wards River,176
12414,Wareemba,1479
12415,Warialda,1716
12416,Warialda Rail,201
12417,Warilla,6402
12418,Warners Bay,7456
12419,Warnervale,564
12420,Warraderry,183
12421,Warragamba,1238
12422,Warral,403
12423,Warrawee,2905
12424,Warrawong,4761
12425,Warregah Island,182
12426,Warrell Creek,252
12427,Warren,1589
12428,Warri,305
12429,Warriewood,6135
12430,Warrimoo,2343
12431,Warwick Farm,4486
12432,Watanobbi,3782
12433,Waterfall,483
12434,Waterloo (NSW),10661
12435,Waterview Heights,1386
12436,Watsons Bay,926
12437,Watsons Creek (NSW),290
12438,Wattamondara,266
12439,Wattle Flat (NSW),365
12440,Wattle Grove (NSW),8198
12441,Wattle Ponds,1327
12442,Wauchope,5942
12443,Waukivory,357
12444,Waverley (NSW),4256
12445,Waverton,2801
12446,Way Way,202
12447,Wedderburn (NSW),582
12448,Wee Jasper,278
12449,Wee Waa,2094
12450,Weethalle,305
12451,Weilmoringle,155
12452,Welby,735
12453,Wellington (NSW),4062
12454,Wellington Vale,125
12455,Wells Crossing,304
12456,Wentworth (NSW),1249
12457,Wentworth Falls,5940
12458,Wentworth Point,2763
12459,Wentworthville,10593
12460,Werai,249
12461,Werombi,840
12462,Werri Beach,542
12463,Werrington,3847
12464,Werrington County,3677
12465,Werrington Downs,3256
12466,Werris Creek,1736
12467,West Albury,3952
12468,West Ballina,2970
12469,West Bathurst,3843
12470,West Gosford,1393
12471,West Haven,1122
12472,West Hoxton,9127
12473,West Kempsey,4789
12474,West Nowra,1100
12475,West Pennant Hills,15953
12476,West Pymble,5152
12477,West Ryde,11852
12478,West Tamworth,5347
12479,West Wallsend,1717
12480,West Wollongong,4436
12481,West Wyalong,3037
12482,Westdale (Tamworth - NSW),2295
12483,Westleigh,4480
12484,Westmead,14166
12485,Weston (NSW),3671
12486,Wetherill Park,6023
12487,Whalan,5942
12488,Wherrol Flat,308
12490,White Cliffs,104
12491,White Rock (NSW),693
12492,Whitebridge,2566
12493,Whittingham,575
12494,Whitton,380
12495,Whoota,216
12496,Wiangaree,205
12497,Wickham (NSW),953
12498,Wilberforce (NSW),2879
12499,Wilcannia,827
12500,Wildes Meadow,515
12501,Wiley Park,9689
12502,Willawarrin,302
12503,Williamtown,876
12504,Willmot,2482
12505,Willoughby (NSW),5938
12506,Willoughby East,1822
12507,Willow Tree,421
12508,Willow Vale (Wingecarribee - NSW),669
12509,Wilsons Creek,318
12510,Wilton (NSW),1896
12511,Windale,3100
12512,Windang,2595
12513,Windella,594
12514,Windellama,321
12515,Windermere Park,689
12516,Windeyer (NSW),440
12517,Windradyne,2828
12518,Windsor (NSW),1805
12519,Windsor Downs,1290
12520,Wingello,385
12521,Wingen,285
12522,Wingham,5303
12523,Winifred,197
12524,Winmalee,6612
12525,Winston Hills,11193
12526,Winton (NSW),200
12527,Wirlinga,400
12528,Wisemans Ferry,185
12529,Wittitrin,306
12530,Wollar,258
12531,Wolli Creek,2831
12532,Wollombi,351
12533,Wollongbar,2381
12534,Wollongong,16703
12535,Wollstonecraft,8009
12536,Wolumla,877
12537,Wombarra,868
12538,Wombat,245
12539,Wombeyan Caves,264
12540,Wondalga,283
12541,Wongarbon,775
12542,Wongawilli,183
12543,Woodberry,3150
12544,Woodbine (NSW),2645
12545,Woodburn (Richmond Valley - NSW),782
12546,Woodcroft (NSW),6413
12547,Woodenbong,479
12548,Woodford (NSW),1842
12549,Woodford Island,340
12550,Woodlands (Wingecarribee - NSW),151
12551,Woodpark,1326
12552,Woodrising,1187
12553,Woodsreef,134
12554,Woodstock (Cowra - NSW),812
12555,Woodstock (Shoalhaven - NSW),256
12556,Woodview,248
12557,Woodville (NSW),606
12558,Woolbrook,249
12559,Woolgoolga,5056
12560,Wooli,493
12561,Woollahra,7173
12562,Woollamia,642
12563,Woolloomooloo,3721
12564,Woolomin,309
12565,Woolooware,4202
12566,Wooloweyah,409
12567,Woolwich,811
12568,Woomargama,217
12569,Woombah,751
12570,Woongarrah,4510
12571,Woonona,11417
12572,Wootton,220
12574,Woronora,2223
12575,Woronora Heights,2986
12576,Worrigee,4558
12577,Worrowing Heights,342
12578,Woy Woy,10108
12579,Woy Woy Bay,436
12580,Wyalong,855
12581,Wyangala,227
12583,Wyee,2587
12584,Wyee Point,677
12585,Wyndham (NSW),617
12586,Wyoming,9925
12587,Wyong,3628
12588,Wyong Creek,386
12589,Wyongah,1950
12590,Wyrallah,445
12591,Yagoona,16019
12592,Yamba (NSW),6087
12593,Yanco,940
12594,Yanderra,683
12595,Yarrabar,288
12596,Yarrahapinni,347
12597,Yarramalong,469
12598,Yarramundi,865
12599,Yarranbella,321
12601,Yarravel,1059
12602,Yarrawarrah,2986
12603,Yarrawonga (NSW),551
12604,Yarrawonga Park,377
12605,Yarrie Lake,263
12606,Yarrowitch,168
12607,Yarrowyck,220
12608,Yass,6336
12609,Yass River,577
12610,Yattalunga (NSW),528
12611,Yatte Yattah,217
12612,Yellow Rock (Blue Mountains - NSW),912
12613,Yellow Rock (Shellharbour - NSW),415
12614,Yenda (NSW),1506
12615,Yennora,1403
12616,Yeoval,424
12617,Yerong Creek,517
12618,Yerrinbool,1093
12619,Yetholme,252
12620,Yetman,350
12621,Yoogali,928
12622,Yorklea,445
12623,Young,10052
12624,Yowie Bay,3167
12626,Zetland,3811
